{
  "title": "Encryption365™ 免费证书",
  "tip":"lib",
  "type":"扩展",
  "php": "index.php",
  "name": "encryption365",
  "ps": "更专业的 SSL 安全证书管理客户端, 免费自动化部署 SSL 证书, 可免费保护高达1000条域名和公网IPv4地址。支持大规模部署和集中化管理。",
  "versions": "1.2",
  "checks": "/www/server/panel/plugin/encryption365",
  "author": "环智中诚™",
  "date":"2020-05-01",
  "home": "https://www.trustocean.com",
  "default":false,
  "display":1
}